[location.in_district]	639
[location.in_district] map	618
[location.in_district] court	505
[location.in_district] pin code	374
[location.in_district] population	330
[location.in_district] news	223
[location.in_district] collector	179
[location.in_district] hospital	119
[location.in_district] profile	95
[location.in_district] administration	86
[location.in_district] villages	77
[location.in_district] collector name	72
[location.in_district] magistrate	63
[location.in_district] area	60
[location.in_district] police	58
[location.in_district] taluka list	53
[location.in_district] code	50
[location.in_district] village list	47
[location.in_district] road map	44
[location.in_district] pincode	42
[location.in_district] tehsil	38
[location.in_district] court recruitment	38
[location.in_district] job	36
[location.in_district] court recruitment 2017	34
[location.in_district] tourist places	33
[location.in_district] court case status	33
[location.in_district] panchayat	32
[location.in_district] block list	32
[location.in_district] cricket association	31
[location.in_district] cooperative bank	31
[location.in_district] recruitment	28
[location.in_district] history	28
[location.in_district] tehsil list	26
[location.in_district] pin code list	25
[location.in_district] website	24
[location.in_district] village map	24
[location.in_district] up	24
[location.in_district] villages map	23
[location.in_district] villages list	23
[location.in_district] mp	23
[location.in_district] blocks	23
[location.in_district] wiki	22
[location.in_district] weather	19
[location.in_district] taluks	19
[location.in_district] central cooperative bank	19
[location.in_district] assam	18
[location.in_district] uttar pradesh	17
[location.in_district] judge	17
population of [location.in_district]	16
[location.in_district] voter list	16
[location.in_district] wikipedia	14
[location.in_district] police station	13
[location.in_district] points of interest	13
[location.in_district] odisha	13
[location.in_district] name	13
[location.in_district] library	13
[location.in_district] jobs	13
[location.in_district] official website	12
[location.in_district] destinations	12
[location.in_district] bihar	12
[location.in_district] population 2016	11
[location.in_district] mla list	11
[location.in_district] madhya pradesh	11
[location.in_district] jharkhand	11
[location.in_district] village	10
[location.in_district] recruitment 2017	10
[location.in_district] mandals	10
[location.in_district] magistrate name	10
[location.in_district] information	10
[location.in_district] in bihar	10
[location.in_district] education portal	10
[location.in_district] bank	10
pin code of [location.in_district]	9
[location.in_district] rajasthan	9
[location.in_district] primary school council	9
[location.in_district] judiciary	9
[location.in_district] information in marathi	9
[location.in_district] hotels	9
[location.in_district] gujarat	9
[location.in_district] dc	9
[location.in_district] 7/12	9
[location.in_district] uttarakhand	8
[location.in_district] temperature	8
[location.in_district] tehsil map	8
[location.in_district] taluks list	8
[location.in_district] taluka	8
[location.in_district] taluk list	8
[location.in_district] maharashtra	8
[location.in_district] in up	8
[location.in_district] headquarters	8
[location.in_district] haryana	8
[location.in_district] dc name	8
[location.in_district] court address	8
[location.in_district] chess association	8
[location.in_district] tourism	7
[location.in_district] topper	7
[location.in_district] sp name	7
[location.in_district] school codes	7
[location.in_district] punjab	7
[location.in_district] pincode list	7
[location.in_district] municipal corporation	7
[location.in_district] map with taluka	7
[location.in_district] karnataka	7
[location.in_district] jail	7
[location.in_district] india	7
[location.in_district] court vacancy	7
[location.in_district] block	7
villages in [location.in_district]	6
district [location.in_district]	6
[location.in_district] mla	6
[location.in_district] mandals list	6
[location.in_district] judge name	6
[location.in_district] district	6
[location.in_district] details	6
[location.in_district] areas	6
villages under [location.in_district]	5
pin code [location.in_district]	5
district magistrate [location.in_district]	5
[location.in_district] taluka map	5
[location.in_district] taluk map	5
[location.in_district] sp	5
[location.in_district] photos	5
[location.in_district] news in hindi	5
[location.in_district] mcd	5
[location.in_district] map pdf	5
[location.in_district] football association	5
[location.in_district] district court	5
[location.in_district] co operative bank	5
[location.in_district] chhattisgarh	5
[location.in_district] arunachal pradesh	5
[location.in_district] areas list	5
map of [location.in_district] arunachal pradesh	4
district court [location.in_district]	4
blocks in [location.in_district]	4
[location.in_district] voter list 2017	4
[location.in_district] video	4
[location.in_district] tender	4
[location.in_district] temples	4
[location.in_district] tehsils	4
[location.in_district] talukas	4
[location.in_district] schools list	4
[location.in_district] school code	4
[location.in_district] religion	4
[location.in_district] portal	4
[location.in_district] of jammu and kashmir	4
[location.in_district] of himachal pradesh	4
[location.in_district] new mandals list	4
[location.in_district] jammu kashmir	4
[location.in_district] in madhya pradesh	4
[location.in_district] in jharkhand	4
[location.in_district] images	4
[location.in_district] gazetteer	4
[location.in_district] dm	4
[location.in_district] court website	4
[location.in_district] court recruitment 2016	4
[location.in_district] court pin code	4
[location.in_district] commissioner	4
[location.in_district] colleges and universities	4
[location.in_district] college list	4
[location.in_district] census 2011	4
tehsils of [location.in_district]	3
south [location.in_district]	3
blocks of [location.in_district]	3
area of [location.in_district]	3
[location.in_district]a	3
[location.in_district].nic.in	3
[location.in_district] west bengal	3
[location.in_district] vacancies	3
[location.in_district] tourist place	3
[location.in_district] topper 2017	3
[location.in_district] superintendent of police name	3
[location.in_district] selection committee	3
[location.in_district] resorts	3
[location.in_district] primary school list	3
[location.in_district] places	3
[location.in_district] paper	3
[location.in_district] panchayath	3
[location.in_district] of haryana	3
[location.in_district] of chhattisgarh	3
[location.in_district] of bihar	3
[location.in_district] of arunachal pradesh	3
[location.in_district] news paper	3
[location.in_district] latest news	3
[location.in_district] kashmir	3
[location.in_district] in uttarakhand	3
[location.in_district] in rajasthan	3
[location.in_district] in odisha	3
[location.in_district] hp	3
[location.in_district] hindi news	3
[location.in_district] health society	3
[location.in_district] govt job	3
[location.in_district] forest office	3
[location.in_district] district map	3
[location.in_district] deputy commissioner	3
[location.in_district] court cause list	3
[location.in_district] council	3
[location.in_district] collector office address	3
[location.in_district] collector name 2017	3
[location.in_district] block map	3
[location.in_district] badminton association	3
[location.in_district] andhra pradesh	3
[location.in_district] all pin code	3
west [location.in_district]	2
villages [location.in_district]	2
south [location.in_district] map	2
road map [location.in_district]	2
official website of [location.in_district]	2
map of [location.in_district] nagaland	2
map of [location.in_district] manipur	2
jobs in [location.in_district]	2
district hospital [location.in_district]	2
district collector [location.in_district]	2
district [location.in_district] code	2
dc of [location.in_district]	2
[location.in_district]t	2
[location.in_district]n	2
[location.in_district] welfare office	2
[location.in_district] vacancy	2
[location.in_district] university	2
[location.in_district] transport office	2
[location.in_district] tour	2
[location.in_district] to bangalore	2
[location.in_district] tehsil name	2
[location.in_district] teacher list	2
[location.in_district] tamil nadu	2
[location.in_district] taluka list 2017	2
[location.in_district] spo list	2
[location.in_district] song	2
[location.in_district] security guard board	2
[location.in_district] school list	2
[location.in_district] ration card	2
[location.in_district] railway station	2
[location.in_district] public school	2
[location.in_district] population 2011	2
[location.in_district] pondicherry	2
[location.in_district] polytechnic tripura	2
[location.in_district] police stations	2
[location.in_district] pin codes	2
[location.in_district] panchayat list	2
[location.in_district] orissa	2
[location.in_district] office	2
[location.in_district] of rajasthan	2
[location.in_district] of odisha	2
[location.in_district] of jharkhand	2
[location.in_district] of assam	2
[location.in_district] muslim population	2
[location.in_district] mp map	2
[location.in_district] mla list 2014	2
[location.in_district] mizoram	2
[location.in_district] merit list	2
[location.in_district] matric result	2
[location.in_district] map with villages	2
[location.in_district] map rajasthan	2
[location.in_district] magistrate office address	2
[location.in_district] list	2
[location.in_district] kab bana	2
[location.in_district] ka samachar	2
[location.in_district] job vacancies	2
[location.in_district] india hotels	2
[location.in_district] in which state	2
[location.in_district] in mp	2
[location.in_district] in jammu	2
[location.in_district] in himachal pradesh	2
[location.in_district] in haryana	2
[location.in_district] in gujarat	2
[location.in_district] in assam	2
[location.in_district] in arunachal pradesh	2
[location.in_district] image	2
[location.in_district] himachal	2
[location.in_district] headquarter	2
[location.in_district] guideline	2
[location.in_district] govt jobs	2
[location.in_district] government jobs	2
[location.in_district] gk	2
[location.in_district] flood	2
[location.in_district] engineering college list	2
[location.in_district] education officer	2
[location.in_district] district manual	2
[location.in_district] district gazetteer	2
[location.in_district] delhi	2
[location.in_district] dc office	2
[location.in_district] cricket academy	2
[location.in_district] court judges	2
[location.in_district] court judge name	2
[location.in_district] cooperative bank ltd	2
[location.in_district] collectorate	2
[location.in_district] climate	2
[location.in_district] cg	2
[location.in_district] block name	2
[location.in_district] beaches	2
[location.in_district] bank ifsc code	2
[location.in_district] bandh	2
[location.in_district] area list	2
[location.in_district] airport	2
ziro-[location.in_district]	1
wikipedia [location.in_district]	1
west [location.in_district] selection committee	1
weather [location.in_district]	1
villages of [location.in_district]	1
view of [location.in_district]	1
vangchhia in [location.in_district] of mizoram	1
valmiki nagar [location.in_district]	1
upper [location.in_district] arunachal pradesh	1
upper [location.in_district]	1
tribes of [location.in_district]	1
tourist places in [location.in_district]	1
tehsils in [location.in_district]	1
tehsils [location.in_district]	1
tehsil of [location.in_district]	1
sp of [location.in_district]	1
sp [location.in_district]	1
south [location.in_district] mawkyrwat	1
south [location.in_district] dc	1
sdm office [location.in_district]	1
schools in [location.in_district]	1
rivers in [location.in_district]	1
population of [location.in_district] nagaland	1
population of [location.in_district] meghalaya	1
population [location.in_district]	1
pin code of [location.in_district] manipur	1
pin code [location.in_district] bihar	1
patti [location.in_district]	1
ntpc kudgi district [location.in_district]	1
ntpc [location.in_district]	1
nrega [location.in_district]	1
north [location.in_district]	1
nisarga layout [location.in_district]	1
nirman layout [location.in_district]	1
nic [location.in_district]	1
namsai [location.in_district]	1
naharlagun [location.in_district]	1
map of district [location.in_district]	1
map of [location.in_district] meghalaya	1
map of [location.in_district] bihar	1
mahé's baie [location.in_district]	1
mahe [location.in_district]	1
lower [location.in_district] of arunachal pradesh	1
lower [location.in_district] map	1
lower [location.in_district]	1
local news district [location.in_district]	1
leh school [location.in_district] calendar	1
leh [location.in_district]	1
lansdowne ([location.in_district])	1
karnataka [location.in_district]	1
kamkole medak district [location.in_district]	1
kala amb [location.in_district]	1
jote [location.in_district] arunachal pradesh	1
jigani [location.in_district]	1
information about [location.in_district]	1
ikauna [location.in_district]	1
history of [location.in_district]	1
hawai [location.in_district]	1
green meadows [location.in_district] bangalore	1
flora of [location.in_district] arunachal pradesh	1
east [location.in_district] selection committee	1
east [location.in_district] map	1
east [location.in_district] khliehriat	1
east [location.in_district] football association	1
east [location.in_district]	1
dsc [location.in_district]	1
drda [location.in_district]	1
dm [location.in_district]	1
district treasury [location.in_district] pension	1
district soldier board [location.in_district]	1
district selection committee [location.in_district] meghalaya	1
district selection committee [location.in_district]	1
district selection [location.in_district]	1
district profile of [location.in_district]	1
district hospital of [location.in_district] is located at	1
district cooperative bank [location.in_district]	1
district [location.in_district] map	1
district & sessions judge [location.in_district]	1
dirang [location.in_district]	1
diet [location.in_district]	1
deputy commissioner [location.in_district]	1
deo [location.in_district]	1
delhi to [location.in_district]	1
dc [location.in_district]	1
daudnagar [location.in_district]	1
colleges in [location.in_district]	1
climate of [location.in_district] of meghalaya	1
changpang in [location.in_district]	1
cem of [location.in_district]	1
car [location.in_district]	1
blocks [location.in_district]	1
bastar [location.in_district]	1
basar [location.in_district]	1
andaman and [location.in_district] court	1
andaman [location.in_district]s	1
along [location.in_district]	1
agriculture in [location.in_district]	1
adaman [location.in_district]	1
aalo [location.in_district] arunachal pradesh	1
aalo [location.in_district]	1
[location.in_district]s	1
[location.in_district]n vaidyar	1
[location.in_district]ma tauati	1
[location.in_district]k	1
[location.in_district]jobs	1
[location.in_district]i burnett	1
[location.in_district]i	1
[location.in_district]e	1
[location.in_district]dplan	1
[location.in_district]d	1
[location.in_district]cos	1
[location.in_district]badi	1
[location.in_district].gov.in	1
[location.in_district]-pincode	1
[location.in_district] wikipedia the free encyclopedia	1
[location.in_district] wikimapia	1
[location.in_district] welfare office address	1
[location.in_district] vs north goa	1
[location.in_district] vro list	1
[location.in_district] voter list with photo	1
[location.in_district] voter list 2015	1
[location.in_district] voter list 2013	1
[location.in_district] voter list 2012	1
[location.in_district] voter list 2011	1
[location.in_district] voter list 1966	1
[location.in_district] volcano	1
[location.in_district] villagio	1
[location.in_district] villages names	1
[location.in_district] village wise data	1
[location.in_district] village name list	1
[location.in_district] village name	1
[location.in_district] view	1
[location.in_district] vatika	1
[location.in_district] va verification list	1
[location.in_district] va	1
[location.in_district] uttarakhand map	1
[location.in_district] uttar pradesh news	1
[location.in_district] uttar pradesh hotels	1
[location.in_district] up map	1
[location.in_district] underwater housing	1
[location.in_district] under which district	1
[location.in_district] type	1
[location.in_district] towns	1
[location.in_district] tourist spot	1
[location.in_district] tourist attractions	1
[location.in_district] total area	1
[location.in_district] to tso moriri	1
[location.in_district] to south goa distance	1
[location.in_district] to mysore	1
[location.in_district] to leh distance by road	1
[location.in_district] to leh	1
[location.in_district] to keylong distance	1
[location.in_district] to jispa distance	1
[location.in_district] to hyderabad	1
[location.in_district] to guwahati	1
[location.in_district] to chandigarh	1
[location.in_district] to bangalore train	1
[location.in_district] time	1
[location.in_district] tezu	1
[location.in_district] tehsil dataganj	1
[location.in_district] teachers seniority list	1
[location.in_district] taluks map	1
[location.in_district] taluka wise population	1
[location.in_district] taluka wise map	1
[location.in_district] taluka list 2016	1
[location.in_district] taluk	1
[location.in_district] table tennis association	1
[location.in_district] superintendent of police	1
[location.in_district] std code	1
[location.in_district] station	1
[location.in_district] state	1
[location.in_district] sports association	1
[location.in_district] special	1
[location.in_district] sp office	1
[location.in_district] south arcot fms	1
[location.in_district] south	1
[location.in_district] sites	1
[location.in_district] singer	1
[location.in_district] sikkim latitude longitude	1
[location.in_district] serchhip	1
[location.in_district] sdm office	1
[location.in_district] school holiday 2017	1
[location.in_district] san diego	1
[location.in_district] sagar taluk	1
[location.in_district] river	1
[location.in_district] rifle association	1
[location.in_district] revenue village list	1
[location.in_district] recruitment 2016	1
[location.in_district] ration card list	1
[location.in_district] rajbari	1
[location.in_district] rajasthan om temple	1
[location.in_district] railway map	1
[location.in_district] ragam	1
[location.in_district] pyd choir 2017	1
[location.in_district] pyd choir	1
[location.in_district] primary teacher recruitment	1
[location.in_district] primary school council transfer form	1
[location.in_district] primary school council official website	1
[location.in_district] primary school council chairman name	1
[location.in_district] primary result 2009	1
[location.in_district] premier league	1
[location.in_district] power limited	1
[location.in_district] postal pin code	1
[location.in_district] population census 2011	1
[location.in_district] population 2017	1
[location.in_district] polytechnic logo	1
[location.in_district] polytechnic institute	1
[location.in_district] polytechnic college	1
[location.in_district] polytechnic	1
[location.in_district] police fir	1
[location.in_district] pin number	1
[location.in_district] phc list	1
[location.in_district] pedha	1
[location.in_district] peda	1
[location.in_district] panchayat village list	1
[location.in_district] outline map	1
[location.in_district] or south goa	1
[location.in_district] one	1
[location.in_district] officers phone numbers	1
[location.in_district] of state of jharkhand	1
[location.in_district] of nagaland	1
[location.in_district] of manipur	1
[location.in_district] of madhya pradesh	1
[location.in_district] of j&k	1
[location.in_district] of hp	1
[location.in_district] notification	1
[location.in_district] north west bengal	1
[location.in_district] north pin code	1
[location.in_district] north map	1
[location.in_district] north	1
[location.in_district] nic domain	1
[location.in_district] news uttar pradesh	1
[location.in_district] news today	1
[location.in_district] news in telugu	1
[location.in_district] news in tamil	1
[location.in_district] new taluks 2017	1
[location.in_district] new name	1
[location.in_district] new collector	1
[location.in_district] nepal	1
[location.in_district] name list	1
[location.in_district] nagaland map	1
[location.in_district] nagaland	1
[location.in_district] museum	1
[location.in_district] municipal corporation website	1
[location.in_district] municipal corporation tenders	1
[location.in_district] municipal corporation property tax	1
[location.in_district] mp pin code	1
[location.in_district] metropolitan voter list	1
[location.in_district] metro stations	1
[location.in_district] metro	1
[location.in_district] meghalaya	1
[location.in_district] meerut	1
[location.in_district] mayor	1
[location.in_district] map with mandals	1
[location.in_district] map with distance	1
[location.in_district] map with all villages	1
[location.in_district] map villages	1
[location.in_district] map photos	1
[location.in_district] map of odisha	1
[location.in_district] map of arunachal pradesh	1
[location.in_district] map meghalaya	1
[location.in_district] map manipur	1
[location.in_district] map madhya pradesh	1
[location.in_district] map jharkhand	1
[location.in_district] map in tamil	1
[location.in_district] map in marathi	1
[location.in_district] map hd	1
[location.in_district] map download	1
[location.in_district] map chhattisgarh	1
[location.in_district] map block wise	1
[location.in_district] map assam	1
[location.in_district] map arunachal pradesh	1
[location.in_district] manvi taluk	1
[location.in_district] manipur pin code	1
[location.in_district] manipur	1
[location.in_district] mandals villages list	1
[location.in_district] mandals map	1
[location.in_district] mandals list 2017	1
[location.in_district] mandals and villages list	1
[location.in_district] management association	1
[location.in_district] mall	1
[location.in_district] maharashtra map	1
[location.in_district] magistrate contact number	1
[location.in_district] longitude and latitude	1
[location.in_district] lok sabha constituency	1
[location.in_district] location	1
[location.in_district] latitude	1
[location.in_district] lakes	1
[location.in_district] ladakh jammu and kashmir	1
[location.in_district] kulgam weather	1
[location.in_district] kulgam	1
[location.in_district] krishna indraganti	1
[location.in_district] kolkata	1
[location.in_district] kitpi	1
[location.in_district] khonsa	1
[location.in_district] kerala	1
[location.in_district] kalyansingpur	1
[location.in_district] ka news	1
[location.in_district] ka mausam	1
[location.in_district] ka khabar	1
[location.in_district] ka	1
[location.in_district] judiciary recruitment 2017	1
[location.in_district] judiciary kokrajhar assam	1
[location.in_district] judge court	1
[location.in_district] jokihat	1
[location.in_district] jokes	1
[location.in_district] jog falls	1
[location.in_district] job vacancy	1
[location.in_district] job 2017	1
[location.in_district] jharkhand news	1
[location.in_district] jammu and kashmir	1
[location.in_district] jammu	1
[location.in_district] jail faridabad haryana	1
[location.in_district] j&k	1
[location.in_district] is famous for	1
[location.in_district] india pin code	1
[location.in_district] india news	1
[location.in_district] in west bengal	1
[location.in_district] in u.p	1
[location.in_district] in tripura	1
[location.in_district] in tamilnadu	1
[location.in_district] in punjab	1
[location.in_district] in orissa	1
[location.in_district] in odisha map	1
[location.in_district] in maharashtra	1
[location.in_district] in kerala	1
[location.in_district] in kashmir	1
[location.in_district] in india	1
[location.in_district] in hindi	1
[location.in_district] in chhattisgarh	1
[location.in_district] in cg	1
[location.in_district] in andhra pradesh is famous for	1
[location.in_district] hyderabad	1
[location.in_district] hss school codes	1
[location.in_district] house tax	1
[location.in_district] hospital vacancy	1
[location.in_district] hospital manipur	1
[location.in_district] hospital list	1
[location.in_district] hospital in yanam	1
[location.in_district] hospital bishnupur west bengal	1
[location.in_district] hospital bankura	1
[location.in_district] hindu population	1
[location.in_district] height	1
[location.in_district] hartal	1
[location.in_district] handicapped training centre	1
[location.in_district] gunotsav result	1
[location.in_district] gujarat map	1
[location.in_district] gram sevak result	1
[location.in_district] gram panchayat	1
[location.in_district] govt job vacancy	1
[location.in_district] girl	1
[location.in_district] ghana	1
[location.in_district] forum	1
[location.in_district] flash news	1
[location.in_district] famous temples	1
[location.in_district] famous	1
[location.in_district] engineering colleges list	1
[location.in_district] encounter	1
[location.in_district] employment seniority list	1
[location.in_district] electoral roll	1
[location.in_district] election office website	1
[location.in_district] election 2015	1
[location.in_district] election	1
[location.in_district] eenadu paper	1
[location.in_district] education foundation	1
[location.in_district] education department	1
[location.in_district] education	1
[location.in_district] edition	1
[location.in_district] earthquake	1
[location.in_district] dsp list	1
[location.in_district] don	1
[location.in_district] dm name	1
[location.in_district] division	1
[location.in_district] district collector	1
[location.in_district] distance from hyderabad	1
[location.in_district] distance from bangalore	1
[location.in_district] distance	1
[location.in_district] directory	1
[location.in_district] diet	1
[location.in_district] dc name 2017	1
[location.in_district] days	1
[location.in_district] dallas	1
[location.in_district] cricket academy fees	1
[location.in_district] cpe study circle	1
[location.in_district] courts	1
[location.in_district] court timings	1
[location.in_district] court result	1
[location.in_district] court recruitment 2014	1
[location.in_district] court pithoragarh uttarakhand	1
[location.in_district] court nh	1
[location.in_district] court news	1
[location.in_district] court near metro station	1
[location.in_district] court mains exam date	1
[location.in_district] court ma	1
[location.in_district] court keonjhar	1
[location.in_district] court judges list	1
[location.in_district] court jobs	1
[location.in_district] court interview date	1
[location.in_district] court holidays 2017	1
[location.in_district] court delhi	1
[location.in_district] court cases	1
[location.in_district] court by petitioner	1
[location.in_district] court attender notification	1
[location.in_district] court aizawl mizoram	1
[location.in_district] court ahmedabad	1
[location.in_district] court advocate list	1
[location.in_district] cooperative hospital	1
[location.in_district] cooperative central bank	1
[location.in_district] cooperative bank rudrapur ifsc code	1
[location.in_district] cooperative bank result 2016	1
[location.in_district] cooperative bank recruitment	1
[location.in_district] cooperative bank limited	1
[location.in_district] cooperative bank ifsc code	1
[location.in_district] consumer forum	1
[location.in_district] constable result 2014	1
[location.in_district] computer centre	1
[location.in_district] colleges	1
[location.in_district] college	1
[location.in_district] collector office	1
[location.in_district] collector name 2016	1
[location.in_district] collector 2017	1
[location.in_district] co-operative bank recruitment	1
[location.in_district] co-operative bank ltd	1
[location.in_district] co-operative bank limited	1
[location.in_district] co-operative bank	1
[location.in_district] co op bank	1
[location.in_district] club	1
[location.in_district] city	1
[location.in_district] chhattisgarh population	1
[location.in_district] chhattisgarh pin code	1
[location.in_district] champhai	1
[location.in_district] central cooperative bank ltd	1
[location.in_district] cashew	1
[location.in_district] camp	1
[location.in_district] budgam profile	1
[location.in_district] btc college list	1
[location.in_district] brahmins sampradayam	1
[location.in_district] brahmins	1
[location.in_district] bpl list 2015	1
[location.in_district] bpl list	1
[location.in_district] boxing association	1
[location.in_district] border	1
[location.in_district] bomdila	1
[location.in_district] bihar map	1
[location.in_district] bhogaraju	1
[location.in_district] before partition	1
[location.in_district] beaches map	1
[location.in_district] beach resorts	1
[location.in_district] beach	1
[location.in_district] bar association	1
[location.in_district] bannerghatta road map	1
[location.in_district] bank recruitment	1
[location.in_district] bajana padagalu	1
[location.in_district] badminton championship 2017	1
[location.in_district] badminton	1
[location.in_district] b.ed college list	1
[location.in_district] avinashi pincode	1
[location.in_district] autonomous district council	1
[location.in_district] athletics association	1
[location.in_district] athletic meet	1
[location.in_district] athletic association	1
[location.in_district] at a glance	1
[location.in_district] arunachal pradesh map	1
[location.in_district] arunachal	1
[location.in_district] areas name	1
[location.in_district] anini	1
[location.in_district] and south arcot	1
[location.in_district] and sessions court	1
[location.in_district] and session court	1
[location.in_district] altitude	1
[location.in_district] all villages	1
[location.in_district] all village name	1
[location.in_district] all taluka list	1
[location.in_district] address	1
[location.in_district] 8th class result	1
[location.in_district] 1966 voter list	1
[location.in_district] 10th result	1
[location.in_district] (ttaadc)	1
